epoch,time,train/box_loss,train/cls_loss,train/dfl_loss,metrics/precision(B),metrics/recall(B),metrics/mAP50(B),metrics/mAP50-95(B),val/box_loss,val/cls_loss,val/dfl_loss,lr/pg0,lr/pg1,lr/pg2
1,6.12061,5.71553,25.9654,4.94498,0,0,0,0,6.11872,11.6286,4.16187,0.00018,0.00018,0.00018
2,9.52383,4.97528,17.6174,4.40655,0,0,0,0,6.128,11.7221,4.17428,0.000375298,0.000375298,0.000375298
3,12.4791,4.35631,12.0145,3.79984,0,0,0,0,6.14585,11.9048,4.21366,0.000565645,0.000565645,0.000565645
4,15.4934,3.65352,7.7966,3.42857,0,0,0,0,6.18088,11.2649,4.30846,0.000751043,0.000751043,0.000751043
5,18.4927,3.54034,6.50815,3.01264,0,0,0,0,6.23706,7.45446,4.46951,0.00093149,0.00093149,0.00093149
6,21.1947,3.23657,5.66696,2.78347,0,0,0,0,6.28239,6.06955,4.64572,0.00110699,0.00110699,0.00110699
7,24.216,3.15854,4.74103,2.54578,0,0,0,0,6.30388,6.04544,4.74942,0.00127753,0.00127753,0.00127753
8,26.855,2.79979,4.42866,2.46597,0,0,0,0,6.311,6.07317,4.78827,0.00144313,0.00144313,0.00144313
9,29.4343,2.70384,4.13111,2.38352,0,0,0,0,6.32289,6.09096,4.81783,0.00160378,0.00160378,0.00160378
10,32.0203,2.77373,3.8634,2.3412,0,0,0,0,6.32297,6.09634,4.78042,0.00175948,0.00175948,0.00175948
11,34.489,2.4536,3.2727,2.14064,0,0,0,0,6.3265,6.12707,4.77807,0.0017525,0.0017525,0.0017525
12,37.0529,2.46248,3.01438,2.10225,0.00042,0.07692,0.00024,9e-05,5.4149,5.81178,4.26336,0.00172775,0.00172775,0.00172775
13,39.6575,2.34089,2.93071,2.05254,0.00103,0.30769,0.04087,0.00961,3.44672,4.38237,3.14193,0.001703,0.001703,0.001703
14,42.184,2.19684,2.59325,2.00091,0.67477,0.05377,0.2593,0.0989,2.35829,3.25164,2.40386,0.00167825,0.00167825,0.00167825
15,44.6948,2.025,2.52325,1.92456,0.70139,0.23077,0.54649,0.23699,2.1069,2.90043,2.22072,0.0016535,0.0016535,0.0016535
16,47.2637,2.04175,2.39166,1.83729,0.77053,0.43068,0.67606,0.27947,1.98392,2.56749,2.18805,0.00162875,0.00162875,0.00162875
17,49.786,2.01477,2.21819,1.80451,0.83143,0.87179,0.90967,0.45006,1.89046,1.54208,1.9598,0.001604,0.001604,0.001604
18,52.3523,1.85202,2.17082,1.82342,0.91241,0.87179,0.97526,0.37562,2.04993,1.61487,1.99805,0.00157925,0.00157925,0.00157925
19,54.8453,1.83966,1.87486,1.76108,0.87396,0.92308,0.97052,0.50003,1.74895,1.5193,1.95443,0.0015545,0.0015545,0.0015545
20,57.3862,1.85818,1.86602,1.79529,0.73507,0.92308,0.91131,0.39888,1.71876,1.43805,1.97602,0.00152975,0.00152975,0.00152975
21,59.9137,1.74617,1.77032,1.74044,0.97435,0.97404,0.98268,0.48341,1.70703,1.62095,1.97035,0.001505,0.001505,0.001505
22,62.4673,1.65443,1.76607,1.6364,0.81388,0.67288,0.83315,0.41296,1.69626,1.48657,1.87058,0.00148025,0.00148025,0.00148025
23,64.9646,1.64273,1.61909,1.62378,0.83537,0.94872,0.96237,0.51354,1.45544,1.90153,1.74631,0.0014555,0.0014555,0.0014555
24,67.5198,1.78295,1.72089,1.68459,0.94303,0.94872,0.97674,0.59044,1.52241,1.38367,1.7691,0.00143075,0.00143075,0.00143075
25,70.0359,1.68387,1.63495,1.63751,0.96515,0.92308,0.98546,0.51623,1.64532,1.25115,1.7136,0.001406,0.001406,0.001406
26,72.6261,1.57673,1.46013,1.56901,0.91343,0.89744,0.97032,0.61228,1.38687,1.88977,1.62789,0.00138125,0.00138125,0.00138125
27,75.1324,1.64438,1.49533,1.57198,0.94815,0.938,0.97538,0.63672,1.40749,1.2025,1.67753,0.0013565,0.0013565,0.0013565
28,77.6598,1.62115,1.45126,1.56652,0.93706,0.92308,0.96545,0.50998,1.71376,1.40476,1.87062,0.00133175,0.00133175,0.00133175
29,80.2029,1.68437,1.35726,1.56802,0.98666,0.97436,0.99402,0.62165,1.37301,1.14586,1.64863,0.001307,0.001307,0.001307
30,82.7931,1.57991,1.35985,1.50934,0.87992,0.93962,0.96946,0.60718,1.37446,1.42069,1.67684,0.00128225,0.00128225,0.00128225
31,85.3012,1.50236,1.32973,1.5232,0.91572,0.94872,0.97808,0.56267,1.5575,1.2775,1.68332,0.0012575,0.0012575,0.0012575
32,87.8245,1.4212,1.24473,1.46346,0.92659,0.97436,0.98584,0.64774,1.24143,1.39467,1.48965,0.00123275,0.00123275,0.00123275
33,90.3489,1.46315,1.23831,1.47428,0.97428,0.9713,0.98819,0.6546,1.25953,1.0715,1.49601,0.001208,0.001208,0.001208
34,92.9243,1.26418,1.20929,1.38371,1,0.99367,0.995,0.72867,1.17741,0.96115,1.49946,0.00118325,0.00118325,0.00118325
35,95.4602,1.33373,1.17529,1.42142,0.99547,1,0.995,0.66604,1.29196,1.01899,1.52881,0.0011585,0.0011585,0.0011585
36,97.9843,1.30665,1.17054,1.34917,1,0.99358,0.995,0.69968,1.12714,0.92464,1.43853,0.00113375,0.00113375,0.00113375
37,100.489,1.28718,1.14646,1.34205,0.97366,1,0.9875,0.64961,1.26495,0.99268,1.44235,0.001109,0.001109,0.001109
38,103.046,1.27397,1.09481,1.34473,0.99546,1,0.995,0.70812,1.09154,0.76682,1.43573,0.00108425,0.00108425,0.00108425
39,105.586,1.23555,1.04418,1.33524,0.9849,1,0.995,0.73009,1.04612,0.8922,1.41881,0.0010595,0.0010595,0.0010595
40,108.183,1.21362,1.0526,1.28973,0.99292,1,0.995,0.67672,1.11911,0.84424,1.43511,0.00103475,0.00103475,0.00103475
41,110.715,1.35029,1.10436,1.33506,1,0.99257,0.995,0.69619,1.20488,0.77404,1.40844,0.00101,0.00101,0.00101
42,113.26,1.14453,1.01068,1.26434,0.96409,1,0.98625,0.68309,1.10182,0.86123,1.3994,0.00098525,0.00098525,0.00098525
43,115.765,1.25291,1.06418,1.3,1,0.9966,0.995,0.74116,1.04853,0.80855,1.37379,0.0009605,0.0009605,0.0009605
44,118.318,1.19593,1.02065,1.2956,0.99566,1,0.995,0.72015,1.06179,0.71207,1.32738,0.00093575,0.00093575,0.00093575
45,120.874,1.22162,0.98376,1.27553,0.99412,1,0.995,0.73063,1.07065,0.66288,1.34616,0.000911,0.000911,0.000911
46,123.445,1.23633,0.96059,1.26838,0.99428,1,0.995,0.65864,1.12255,0.6911,1.35826,0.00088625,0.00088625,0.00088625
47,125.936,1.28856,1.04487,1.29241,0.99584,1,0.995,0.67904,1.14745,0.7459,1.39401,0.0008615,0.0008615,0.0008615
48,128.491,1.26147,1.02776,1.34404,0.94907,1,0.97409,0.61966,1.26716,1.16384,1.3798,0.00083675,0.00083675,0.00083675
49,130.996,1.19341,0.97131,1.25634,0.97465,0.98602,0.9945,0.73994,1.04754,0.95903,1.29638,0.000812,0.000812,0.000812
50,133.562,1.12421,0.90651,1.22124,0.99683,1,0.995,0.72018,1.0248,0.66228,1.29,0.00078725,0.00078725,0.00078725
51,136.122,1.16397,0.96322,1.25953,0.99741,1,0.995,0.74953,0.90603,0.64141,1.25049,0.0007625,0.0007625,0.0007625
52,138.67,1.10918,0.9081,1.22743,0.99722,1,0.995,0.7348,0.99455,0.6403,1.28355,0.00073775,0.00073775,0.00073775
53,141.165,1.12445,0.91798,1.19576,0.99664,1,0.995,0.73263,0.96248,0.61452,1.2757,0.000713,0.000713,0.000713
54,143.669,1.08223,0.86615,1.19956,0.99705,1,0.995,0.78082,0.90634,0.58032,1.23684,0.00068825,0.00068825,0.00068825
55,146.21,1.04853,0.8387,1.18247,0.99646,1,0.995,0.75357,0.94825,0.57997,1.24045,0.0006635,0.0006635,0.0006635
56,148.746,1.0557,0.84596,1.20731,0.99595,1,0.995,0.78041,0.90205,0.60756,1.24896,0.00063875,0.00063875,0.00063875
57,151.297,1.01693,0.84578,1.19633,0.99659,1,0.995,0.78277,0.85986,0.56529,1.22078,0.000614,0.000614,0.000614
58,153.807,1.10859,0.88274,1.20946,0.99594,1,0.995,0.77225,0.8832,0.59396,1.22753,0.00058925,0.00058925,0.00058925
59,156.334,1.02801,0.84532,1.17137,0.99678,1,0.995,0.75913,0.91406,0.57245,1.2171,0.0005645,0.0005645,0.0005645
60,158.865,1.0207,0.84168,1.18488,0.97069,1,0.9945,0.77787,0.8886,0.62224,1.22045,0.00053975,0.00053975,0.00053975
61,161.383,1.00834,0.82497,1.19964,0.99762,1,0.995,0.73451,0.90405,0.58358,1.2217,0.000515,0.000515,0.000515
62,163.889,1.05911,0.84817,1.17349,0.99745,1,0.995,0.77258,0.8523,0.5828,1.20582,0.00049025,0.00049025,0.00049025
63,166.424,1.02889,0.81858,1.15188,0.99744,1,0.995,0.80078,0.83837,0.57185,1.18664,0.0004655,0.0004655,0.0004655
64,168.96,0.97859,0.80641,1.13179,0.99711,1,0.995,0.77857,0.84916,0.51708,1.18071,0.00044075,0.00044075,0.00044075
65,171.48,0.97116,0.7889,1.17438,0.99347,1,0.995,0.79149,0.81963,0.52704,1.18037,0.000416,0.000416,0.000416
66,174.052,0.97636,0.76476,1.11463,0.99711,1,0.995,0.79183,0.82838,0.52211,1.18519,0.00039125,0.00039125,0.00039125
67,176.556,0.96011,0.77116,1.15413,0.99802,1,0.995,0.80538,0.81679,0.53255,1.17973,0.0003665,0.0003665,0.0003665
68,179.087,1.0184,0.77463,1.15184,0.99866,1,0.995,0.79996,0.83136,0.56127,1.19546,0.00034175,0.00034175,0.00034175
69,181.689,0.98606,0.75874,1.1204,0.9982,1,0.995,0.78536,0.84695,0.51468,1.20831,0.000317,0.000317,0.000317
70,184.244,1.01083,0.75293,1.14884,0.99693,1,0.995,0.81112,0.81701,0.5092,1.17933,0.00029225,0.00029225,0.00029225
71,210.835,0.90237,0.92346,1.15971,0.99604,1,0.995,0.77972,0.89015,0.55921,1.20624,0.0002675,0.0002675,0.0002675
72,213.884,0.89827,0.89894,1.1503,1,0.9689,0.9945,0.77547,0.8438,0.66503,1.19225,0.00024275,0.00024275,0.00024275
73,216.405,0.85437,0.88769,1.11665,1,0.99557,0.995,0.77636,0.86549,0.60322,1.19767,0.000218,0.000218,0.000218
74,218.931,0.87808,0.82562,1.13089,0.99794,1,0.995,0.78705,0.82013,0.55182,1.15552,0.00019325,0.00019325,0.00019325
75,221.473,0.87084,0.82779,1.15833,0.99788,1,0.995,0.80521,0.78,0.53134,1.13922,0.0001685,0.0001685,0.0001685
76,224.022,0.82113,0.81792,1.07922,0.99778,1,0.995,0.78897,0.79181,0.53224,1.14867,0.00014375,0.00014375,0.00014375
77,226.553,0.81733,0.794,1.0928,0.99759,1,0.995,0.78833,0.79071,0.5406,1.14661,0.000119,0.000119,0.000119
78,229.036,0.82666,0.83802,1.13472,0.99758,1,0.995,0.81482,0.75639,0.53906,1.12842,9.425e-05,9.425e-05,9.425e-05
79,231.514,0.84291,0.81838,1.1469,0.99779,1,0.995,0.82085,0.77343,0.5225,1.12975,6.95e-05,6.95e-05,6.95e-05
80,233.984,0.7884,0.78351,1.08228,0.99789,1,0.995,0.80254,0.7743,0.51998,1.12614,4.475e-05,4.475e-05,4.475e-05
